id,concept,nb_enseignements,1re_annee,2e_annee,3e_annee,lecture,enseignements
CN-1,Terrain,24,6,7,11,Fil continu,"Camp de cartographie et paléontologie · Camp de géologie structurale · Camp de pétrologie magmatique · Camp de stratigraphie et sédimentologie · Camp de terrain en environnement · Camp de terrain en géologie · Dynamiques urbaines (camp de terrain) · Ecologie végétale · Etudes des mouvements gravitaires · Excursions et cartographie géomorphologique · Excursions et cas d'études (GES) · Excursions et cas d'études (SE) · Géographie des mobilités · Géographie sociale et culturelle · Géologie de la chaîne alpine · Géologie régionale · Géomorphologie I · Géophysique d'exploration – camp · Géophysique de l'environnement : camp · Hydrauliques, formes et processus fluviaux · Introduction aux sciences de l'environnement · Introduction à la géologie alpine · Levés géomatiques · Pétrologie métamorphique, camp"
CN-2,Laboratoire,3,1,1,1,Fil continu,Hydrochimie et pollution des eaux · Minéralogie optique · Pétrographie magmatique et métamorphique
CN-3,Mesure et instruments,14,3,5,8,Fil continu,"Aménagement du territoire · Camp de stratigraphie et sédimentologie · Camp de terrain en environnement · Camp de terrain en géologie · Cartographie géologique · Droit de l'environnement · Eléments de sciences économiques · Géologie structurale · Géophysique d'exploration · Géophysique d'exploration – camp · Géophysique de l'environnement : camp · Hydrauliques, formes et processus fluviaux · Hydrologie · Levés géomatiques"
CN-4,Échantillonnage,5,2,2,1,Fil continu,Camp de pétrologie magmatique · Excursions et cas d'études (SE) · Hydrochimie et pollution des eaux · Méthodes d'enquête et d'analyse · Méthodes quantitatives I : introduction aux principes et statistiques descriptives
CN-5,Protocole,3,0,1,2,Repris partiellement,Camp de terrain en environnement · Hydrochimie et pollution des eaux · Méthodes qualitatives avancées : méthodes et terrains
CN-6,Cartographie,11,3,2,6,Fil continu,"Camp de cartographie et paléontologie · Camp de stratigraphie et sédimentologie · Camp de terrain en géologie · Cartographie géologique · Excursions et cartographie géomorphologique · Géographie du développement · Géologie régionale · Géologie structurale · Introduction à la géologie alpine · Limnologie · Pétrologie métamorphique, camp"
CN-7,Données,26,5,7,16,Fil continu,"Analyses des données environnementales · Camp de cartographie et paléontologie · Camp de géologie structurale · Camp de terrain en environnement · Camp de terrain en géologie · Cartographie géologique · Changement environnemental du quaternaire · Eléments d'écologie · Erosion, tectonique et climat · Géochimie environnementale · Géoinformatique II · Géologie de la chaîne alpine · Géologie structurale · Géophysique d'exploration – camp · Géophysique de l'environnement · Géophysique de l'environnement : camp · Hydrologie · Introduction aux sciences de l'environnement · Levés géomatiques · Limnologie · Méthodes qualitatives avancées : méthodes et terrains · Méthodes quantitatives I : introduction aux principes et statistiques descriptives · Pétrologie métamorphique, camp · Sédimentologie biochimique · Tourisme : environnement, société, économie · Télédétection"
CN-8,Statistique,8,3,3,2,Fil continu,Analyse vectorielle · Analyses des données environnementales · Géographie du développement · Histoire de la Vie et stratigraphie · Méthodes quantitatives I : introduction aux principes et statistiques descriptives · Méthodes quantitatives II : statistiques inférentielles · Méthodes quantitatives III : statistiques multivariées · Sédimentologie physique
CN-9,Programmation,4,0,3,1,Repris partiellement,Géoinformatique II · Modélisation numérique · Tectonique et géodynamique · Télédétection
CN-10,Modélisation,11,3,4,6,Fil continu,"Erosion, tectonique et climat · Géochimie environnementale · Géographie économique · Géologie de la chaîne alpine · Géophysique de l'environnement · Hydrochimie et pollution des eaux · Hydrologie · Introduction aux sciences de l'environnement · Modélisation numérique · Méthodes quantitatives I : introduction aux principes et statistiques descriptives · Systèmes complexes et organisation de l'espace géographique"
CN-11,Calcul et ordres de grandeur,10,4,3,5,Fil continu,Analyse vectorielle · Etudes des mouvements gravitaires · Géophysique d'exploration · Hydrochimie et pollution des eaux · Hydrologie · Introduction aux sciences de l'environnement · Méthodes quantitatives I : introduction aux principes et statistiques descriptives · Méthodes quantitatives II : statistiques inférentielles · Tectonique et géodynamique · Thermodynamique et cinétique
CN-12,Incertitude,6,4,2,2,Fil continu,Evaluation critique des méthodes en économie environnementale · Hydrologie · Introduction aux sciences de l'environnement · Levés géomatiques · Méthodes quantitatives I : introduction aux principes et statistiques descriptives · Regards croisés sur le changement climatique
CN-13,Géomatique et SIG,3,0,1,2,Repris partiellement,Etudes des mouvements gravitaires · Géoinformatique II · Télédétection
CN-14,Visualisation,7,2,1,4,Fil continu,Analyses des données environnementales · Eléments d'écologie · Evaluation critique des méthodes en économie environnementale · Géochimie environnementale · Géographie du développement · Géoinformatique II · Méthodes quantitatives I : introduction aux principes et statistiques descriptives
CN-15,Cycle de l'eau,7,3,2,6,Fil continu,"Gestion de l'eau · Géophysique d'exploration · Hydrauliques, formes et processus fluviaux · Hydrochimie et pollution des eaux · Hydrologie · Introduction aux sciences de l'environnement · Limnologie"
CN-16,Roches et minéraux,12,1,4,7,Fil continu,"Camp de cartographie et paléontologie · Camp de pétrologie magmatique · Camp de stratigraphie et sédimentologie · Géologie de la chaîne alpine · Géophysique d'exploration · Hydrauliques, formes et processus fluviaux · Introduction à la géologie alpine · Pétrographie magmatique et métamorphique · Pétrologie magmatique et métamorphique (avancée) · Pétrologie métamorphique, camp · Sédimentologie biochimique · Sédimentologie physique"
CN-17,Structure du globe,8,2,3,3,Fil continu,"Erosion, tectonique et climat · Géologie de la chaîne alpine · Géologie régionale · Géologie structurale · Introduction à la géologie alpine · Pétrographie magmatique et métamorphique · Pétrologie magmatique et métamorphique (avancée) · Tectonique et géodynamique"
CN-18,Surface terrestre,10,3,4,5,Fil continu,"Aménagement du territoire · Changement environnemental du quaternaire · Erosion, tectonique et climat · Géomorphologie II · Géophysique de l'environnement · Hydrologie · Introduction aux sciences de l'environnement · Introduction à la géologie alpine · Limnologie · Modélisation numérique"
CN-19,Atmosphère et climat,7,1,2,4,Fil continu,"Aménagement du territoire · Changement environnemental du quaternaire · Eléments d'économie écologique · Erosion, tectonique et climat · Géomorphologie I · Limnologie · Regards croisés sur le changement climatique"
CN-20,Vivant et écosystèmes,7,2,2,3,Fil continu,"Biologie · Ecologie végétale · Eléments d'écologie · Eléments d'économie écologique · Géographie, environnement et sociétés : approches et théories contemporaines · Limnologie · Political Ecology"
CN-21,Polluants et risques,7,1,2,4,Fil continu,Chimie organique environnementale · Ecotoxicologie · Etudes des mouvements gravitaires · Hydrochimie et pollution des eaux · Introduction aux sciences de l'environnement · Modélisation numérique · Systèmes complexes et organisation de l'espace géographique
CN-22,Temps long,5,1,2,2,Fil continu,Camp de cartographie et paléontologie · Camp de stratigraphie et sédimentologie · Histoire de la Vie et stratigraphie · Paléontologie · Sédimentologie biochimique
CN-23,Territoire et aménagement,5,0,4,1,Repris partiellement,Aménagement du territoire · Dynamiques urbaines (camp de terrain) · Géographie urbaine · Géographie économique · Géomorphologie II
CN-24,Gouvernance et politiques,10,4,4,6,Fil continu,"Aménagement du territoire · Droit de l'environnement · Eléments d'économie écologique · Eléments de sciences économiques · Gestion de l'eau · Géographie du développement · Géographie économique · Regards croisés sur le changement climatique · Systèmes énergétiques · Tourisme : environnement, société, économie"
CN-25,Économie,9,3,3,5,Fil continu,"Eléments d'économie écologique · Eléments de sciences économiques · Evaluation critique des méthodes en économie environnementale · Gestion sociale des flux de matière · Géographie économique · Political Ecology · Population et dé/croissance · Systèmes énergétiques · Tourisme : environnement, société, économie"
CN-26,Énergie et flux de matière,2,1,2,1,Fil continu,Gestion sociale des flux de matière · Systèmes énergétiques
CN-27,Sociétés et populations,12,6,4,4,Fil continu,"Aménagement du territoire · Eléments d'écologie · Etudes des mouvements gravitaires · Gestion sociale des flux de matière · Géographie des mobilités · Géographie sociale et culturelle · Géographie, environnement et sociétés : approches et théories contemporaines · Introduction aux sciences de l'environnement · Population et dé/croissance · Regards croisés sur le changement climatique · Systèmes énergétiques · Tourisme : environnement, société, économie"
CN-28,Enjeux de durabilité,5,1,2,2,Fil continu,"Aménagement du territoire · Eléments d'économie écologique · Gestion sociale des flux de matière · Géographie des mobilités · Géographie, environnement et sociétés : approches et théories contemporaines"
CN-29,Travail en équipe,13,3,4,6,Fil continu,Aménagement du territoire · Camp de géologie structurale · Camp de terrain en environnement · Camp de terrain en géologie · Durabilité et modes de vie · Dynamiques urbaines (camp de terrain) · Etudes des mouvements gravitaires · Excursions et cas d'études (GES) · Excursions et cas d'études (SE) · Géochimie environnementale · Géophysique d'exploration – camp · Géophysique de l'environnement : camp · Introduction à la pensée écologique
CN-30,Communication,12,2,4,6,Fil continu,"Aménagement du territoire · Camp de pétrologie magmatique · Dynamiques urbaines (camp de terrain) · Erosion, tectonique et climat · Excursions et cas d'études (GES) · Géochimie environnementale · Géographie du développement · Géoinformatique II · Géologie de l'ingénieur, excursion · Géologie de la chaîne alpine · Géologie régionale · Méthodes qualitatives avancées : méthodes et terrains"
CN-31,Écriture scientifique,14,3,2,9,Fil continu,Camp de cartographie et paléontologie · Camp de terrain en environnement · Cartographie géologique · Dynamiques urbaines (camp de terrain) · Excursions et cas d'études (SE) · Géochimie environnementale · Géographie du développement · Géographie sociale et culturelle · Géophysique d'exploration – camp · Géophysique de l'environnement : camp · Hydrochimie et pollution des eaux · Introduction aux sciences de l'environnement · Introduction à la géologie alpine · Political Ecology
CN-32,Théories et paradigmes,13,5,2,6,Fil continu,"Dynamiques urbaines (camp de terrain) · Eléments d'écologie · Eléments d'économie écologique · Evaluation critique des méthodes en économie environnementale · Géographie du développement · Géographie économique · Géographie, environnement et sociétés : approches et théories contemporaines · Hydrochimie et pollution des eaux · Introduction à la pensée écologique · La pensée géographique · Méthodes quantitatives I : introduction aux principes et statistiques descriptives · Méthodes quantitatives II : statistiques inférentielles · Tourisme : environnement, société, économie"
CN-33,Observation,12,5,4,3,Fil continu,"Camp de pétrologie magmatique · Camp de terrain en géologie · Dynamiques urbaines (camp de terrain) · Etudes des mouvements gravitaires · Excursions et cas d'études (GES) · Excursions et cas d'études (SE) · Géochimie environnementale · Géographie sociale et culturelle · Géologie de l'ingénieur, excursion · Introduction à la géologie alpine · Population et dé/croissance · Pétrographie magmatique et métamorphique"
CN-34,Lecture critique,20,2,5,13,Fil continu,"Camp de cartographie et paléontologie · Droit de l'environnement · Durabilité et modes de vie · Dynamiques urbaines (camp de terrain) · Ecotoxicologie · Erosion, tectonique et climat · Etudes des mouvements gravitaires · Evaluation critique des méthodes en économie environnementale · Gestion sociale des flux de matière · Géochimie environnementale · Géographie du développement · Géographie sociale et culturelle · Géologie régionale · Géophysique de l'environnement · Introduction aux sciences de l'environnement · Introduction à la pensée écologique · Political Ecology · Production de savoirs en géographie et environnement · Pétrologie magmatique et métamorphique (avancée) · Tourisme : environnement, société, économie"
CN-35,Autonomie,5,2,1,2,Fil continu,"Camp de terrain en géologie · Erosion, tectonique et climat · Géoinformatique II · Introduction aux sciences de l'environnement · Production de savoirs en géographie et environnement"
CN-36,Éthique et intégrité,3,1,1,1,Fil continu,Géoinformatique II · Introduction aux sciences de l'environnement · Méthodes qualitatives avancées : méthodes et terrains
