id,enseignement,module,orientation,annee,ects,responsable,rattachement,autres_enseignants,groupes_thematiques,nb_competences,nb_validees,statut
GEOGENVISOCI,"Géographie, environnement et sociétés : approches et théories contemporaines",M1 – Initiation aux orientations,Propédeutique,1re,6,Mathis Stock,FGSE,C. Arnsperger ; J. Steinberger,Epistémologie,3,3,Documenté
INTRSCIEENVI,Introduction aux sciences de l'environnement,M1 – Initiation aux orientations,Propédeutique,1re,6,Grégoire Mariéthoz,FGSE,N. Chèvre ; S. Lane ; M. Keiluweit ; M.-E. Perga ; J. Steinberger,Géosphère et environnement terrestre · Sciences Aquatique,9,9,Documenté
GEOLINTRSCIE,Géologie : introduction aux Sciences de la Terre,M1 – Initiation aux orientations,Propédeutique,1re,6,Sébastien Pilet,FGSE,G. Hetényi ; S. Jaccard,"Géologie structurale et tectonique, chaînes de montagnes",0,0,À documenter
POPUCROI,Population et dé/croissance,M2 – Préparation à une orientation (GES),Propédeutique,1re,6,Christophe Mager,FGSE,,Systèmes socio-écologiques,3,3,Documenté
PENSGEOG,La pensée géographique,M2 – Préparation à une orientation (GES),Propédeutique,1re,6,Patrick Rérat,FGSE,M. Müller,Géographie sociale et économique,3,3,Documenté
EXCUCASGES,Excursions et cas d'études (GES),M2 – Préparation à une orientation (GES),Propédeutique,1re,3,Christian Arnsperger,FGSE,,Camps de terrain,3,3,Documenté
REGACROICHAN,Regards croisés sur le changement climatique,M2 – Préparation à une orientation (les 3 blocs),Propédeutique,1re,3,Samuel Jaccard,FGSE,D. Domeisen ; J. Steinberger,Climat et changement globaux · Sciences naturelles de l'Environnement,3,3,Documenté
SYSTENER,Systèmes énergétiques,M2 (SE) ; M6 – Transition écologique (GES),Propédeutique,1re/3e,3,Selin Yilmaz,FGSE,,Systèmes socio-écologiques,3,3,Documenté
CHIMGENE,Chimie générale,"M2 – Préparation à une orientation (SE, Géologie)",Propédeutique,1re,3,S. Terrettaz (EPFL),EPFL,,Chimie de l'environnement,0,0,À documenter
PHYSGENEI,Physique générale I,"M2 – Préparation à une orientation (SE, Géologie)",Propédeutique,1re,3,R. Trappitsch (EPFL),EPFL,,Physique de l'environnement,0,0,À documenter
EXCUCASSE,Excursions et cas d'études (SE),M2 – Préparation à une orientation (SE),Propédeutique,1re,3,Nathalie Chèvre,FGSE,M.-E. Perga ; S. Lane ; P. Vittoz,Camps de terrain · Sciences Aquatique,3,3,Documenté
INTRGEOLALPI,Introduction à la géologie alpine,M2 – Préparation à une orientation (SE),Propédeutique,1re,3,Guillaume Jouvet,FGSE,J.-D. Champagnac,"Géologie structurale et tectonique, chaînes de montagnes",5,5,Documenté
GEOLREGI,Géologie régionale,M2 – Préparation à une orientation (Géologie),Propédeutique,1re,3,Pierre Lanari,FGSE,S. Schmalholz,"Géologie structurale et tectonique, chaînes de montagnes",3,3,Documenté
CAMPTERRGEOL,Camp de terrain en géologie,M2 – Préparation à une orientation (Géologie),Propédeutique,1re,3,Stefan Schmalholz,FGSE,A. Daley ; A. Samsu,Camps de terrain,3,3,Documenté
HISTVIESTRA,Histoire de la Vie et stratigraphie,M2 – Préparation à une orientation (Géologie),Propédeutique,1re,3,Allison Daley,FGSE,J. Marin-Carbonne ; P. Gueriau,"Sédimentologie, climat, géomorphologie, paléontologie, et histoire de la vie",2,2,Documenté
METHQUANINTRI,Méthodes quantitatives I : introduction aux principes et statistiques descriptives,M3 – Méthodes de base (3 orientations),Propédeutique,1re,3,Guillaume Guex,FGSE,,"Mathématiques, informatiques et statistiques",5,5,Documenté
METHQUANSTATII,Méthodes quantitatives II : statistiques inférentielles,M3 – Méthodes de base (3 orientations),Propédeutique,1re,3,Guillaume Guex,FGSE,,"Mathématiques, informatiques et statistiques",3,3,Documenté
GEOINFI,Géoinformatique I,M3 – Méthodes de base (3 orientations),Propédeutique,1re,6,Christian Kaiser,FGSE,,"Mathématiques, informatiques et statistiques",0,0,À documenter
INTRMETHQUAL,Introduction aux méthodes qualitatives,M3 – Méthodes de base (GES),Propédeutique,1re,3,R. Kunz (SSP),UNIL – SSP,,Méthodes Qualitatives,0,0,À documenter
MATHGEOS,Mathématiques pour les géosciences,"M3 – Méthodes de base (SE, Géologie)",Propédeutique,1re,3,K. Zuleta (EPFL),EPFL,,"Mathématiques, informatiques et statistiques",0,0,À documenter
ELEMECOL,Eléments d'écologie,M4 – Sciences de base (3 orientations),Propédeutique,1re,3,Antoine Guisan,FGSE,,Biologie et écosystèmes terrestre · Sciences naturelles de l'Environnement,3,3,Documenté
ELEMSCIEECON,Eléments de sciences économiques,"M4 – Sciences de base (GES, SE)",Propédeutique,1re,3,Valérie Boisvert,FGSE,NN,Géographie sociale et économique,3,3,Documenté
ELEMSCIESOCI,Eléments de sciences sociales,"M4 – Sciences de base (GES, SE)",Propédeutique,1re,3,J. Pollard (SSP),UNIL – SSP,,Géographie sociale et économique,0,0,À documenter
MINEGENE,Minéralogie générale,M4 – Sciences de base (Géologie),Propédeutique,1re,3,Sébastien Pilet,FGSE,,"Pétrologie, minéralogie, et géochimie",0,0,À documenter
MINEOPTI,Minéralogie optique,M4 – Sciences de base (Géologie),Propédeutique,1re,3,Othmar Müntener,FGSE,,"Pétrologie, minéralogie, et géochimie",3,3,Documenté
GEOGSOCICULT,Géographie sociale et culturelle,M1 – Géographie humaine,"Géographie, environnement et sociétés",2e,6,René Véron,FGSE,L. Chanteloup,Géographie sociale et économique,6,6,Documenté
GEOGURBA,Géographie urbaine,M1 – Géographie humaine,"Géographie, environnement et sociétés",2e,6,Céline Rozenblat,FGSE,M. Rogov,Etudes urbaines et aménagement du territoire,3,3,Documenté
GEOGECON,Géographie économique,M1 – Géographie humaine,"Géographie, environnement et sociétés",2e,3,Christophe Mager,FGSE,,Géographie sociale et économique,3,3,Documenté
AMENTERR,Aménagement du territoire,M1 – Géographie humaine,"Géographie, environnement et sociétés",2e,6,Gabriela Debrunner,FGSE,,Etudes urbaines et aménagement du territoire,4,4,Documenté
INTRPENSECOL,Introduction à la pensée écologique,M2 – Durabilité et transition écologique,"Géographie, environnement et sociétés",2e,3,Sara Asu Schroer,FGSE,,Epistémologie · Sciences humaines et sociales et géographie de l'environnement,3,3,Documenté
GESTSOCIFLUX,Gestion sociale des flux de matière,M2 – Durabilité et transition écologique,"Géographie, environnement et sociétés",2e,6,Julia Steinberger,FGSE,C. Arnsperger,Sciences humaines et sociales et géographie de l'environnement · Systèmes socio-écologiques,4,4,Documenté
POLIENVI,Politiques environnementales,M2 – Durabilité et transition écologique,"Géographie, environnement et sociétés",2e,6,J. Pollard (SSP),UNIL – SSP,,Sciences humaines et sociales et géographie de l'environnement,0,0,À documenter
GESTEAU,Gestion de l'eau,M3 – Environnement naturel (GES) ; M5 (SE),"Géographie, environnement et sociétés",2e/3e,3,Emmanuel Reynard,FGSE,,Sciences Aquatique,3,3,Documenté
GEOMORI,Géomorphologie I,M3 (GES) ; M3 (SE) ; M2 (Géologie),"Géographie, environnement et sociétés",2e,3,Emmanuel Reynard,FGSE,,"Géosphère et environnement terrestre · Sédimentologie, climat, géomorphologie, paléontologie, et histoire de la vie · Sciences naturelles de l'Environnement",3,3,Documenté
TELEDE,Télédétection,M3 (GES) ; M2 (SE) ; M3 (Géologie),"Géographie, environnement et sociétés",2e,3,Grégoire Mariéthoz,FGSE,,"Mathématiques, informatiques et statistiques",3,3,Documenté
PRODSAVOGEOG,Production de savoirs en géographie et environnement,M4 – Outils et méthodes (GES) ; M4 (SE),"Géographie, environnement et sociétés",2e,3,Christian Kull,FGSE,S. Lane,Communication et rédaction scientifique,3,3,Documenté
METHQUANSTATIII,Méthodes quantitatives III : statistiques multivariées,M4 (GES) ; M2 (SE),"Géographie, environnement et sociétés",2e,3,Guillaume Guex,FGSE,,"Mathématiques, informatiques et statistiques",3,3,Documenté
METHENQUANAL,Méthodes d'enquête et d'analyse,M4 – Outils et méthodes,"Géographie, environnement et sociétés",2e,3,Céline Rozenblat,FGSE,M. Rogov,Méthodes Qualitatives,3,3,Documenté
METHQUALAVAN,Méthodes qualitatives avancées : méthodes et terrains,M4 – Outils et méthodes,"Géographie, environnement et sociétés",2e,6,Laine Chanteloup,FGSE,G. Walters,Camps de terrain · Méthodes Qualitatives,5,5,Documenté
GEOINFII,Géoinformatique II,M5 (GES) ; M6 (SE) ; M6 (Géologie),"Géographie, environnement et sociétés",3e,3,Tom Beucler,FGSE,,"Mathématiques, informatiques et statistiques",10,10,Documenté
POLIECOL,Political Ecology,M5 – Spécialisation en géographie humaine,"Géographie, environnement et sociétés",3e,3,Christian Kull,FGSE,,Sciences humaines et sociales et géographie de l'environnement,3,3,Documenté
TOURENVISOCI,"Tourisme : environnement, société, économie",M5 – Spécialisation en géographie humaine,"Géographie, environnement et sociétés",3e,3,Morgane Müller,FGSE,C. Clivaz ; L. Kébir ; M. Stock,Géographie sociale et économique,3,3,Documenté
GEOGMOBI,Géographie des mobilités,M5 – Spécialisation en géographie humaine,"Géographie, environnement et sociétés",3e,3,Patrick Rérat,FGSE,,Etudes urbaines et aménagement du territoire,3,3,Documenté
GEOGDEVE,Géographie du développement,M5 – Spécialisation en géographie humaine,"Géographie, environnement et sociétés",3e,3,René Véron,FGSE,,Géographie sociale et économique,5,5,Documenté
SYSTCOMPORGA,Systèmes complexes et organisation de l'espace géographique,M5 – Spécialisation en géographie humaine,"Géographie, environnement et sociétés",3e,3,Céline Rozenblat,FGSE,M. Rogov,Systèmes socio-écologiques,3,3,Documenté
DYNAURBACAM,Dynamiques urbaines (camp de terrain),M5 – Spécialisation en géographie humaine,"Géographie, environnement et sociétés",3e,6,Joëlle Salomon Cavin,FGSE,C. Trivin (camp 2026) ; M. Müller (camp 2027),Camps de terrain · Etudes urbaines et aménagement du territoire,7,7,Documenté
EVALCRITMETH,Evaluation critique des méthodes en économie environnementale,M6 – Spécialisation en transition écologique,"Géographie, environnement et sociétés",3e,3,Christophe Mager,FGSE,,Sciences humaines et sociales et géographie de l'environnement,3,3,Documenté
DROIENVI,Droit de l'environnement,M6 (GES) ; M5 (SE),"Géographie, environnement et sociétés",3e,6,Charlotte Blattner,FGSE,,Sciences Aquatique · Sciences humaines et sociales et géographie de l'environnement,3,3,Documenté
DURAMODEVIE,Durabilité et modes de vie,M6 – Spécialisation en transition écologique,"Géographie, environnement et sociétés",3e,3,Christian Arnsperger,FGSE,,Sciences humaines et sociales et géographie de l'environnement · Systèmes socio-écologiques,3,3,Documenté
ELEMECONECOL,Eléments d'économie écologique,M6 – Spécialisation en transition écologique,"Géographie, environnement et sociétés",3e,3,Valérie Boisvert,FGSE,,Sciences humaines et sociales et géographie de l'environnement,3,3,Documenté
PREPTRAVBACH,Préparation au travail de Bachelor,M7 (GES) ; M8 (SE) ; M8 (Géologie),Transversal,3e,2,Joëlle Salomon Cavin,FGSE,,Communication et rédaction scientifique,0,0,À documenter
TRAVBACH,Travail de Bachelor,M7 (GES) ; M8 (SE) ; M8 (Géologie),Transversal,3e,10,Directrice / directeur de mémoire,FGSE,,Communication et rédaction scientifique,0,0,À documenter
GEOCENVI,Géochimie environnementale,M1 – Chimie et biologie (SE) ; M4 (Géologie),Sciences de l'environnement,2e,3,Johanna Marin Carbonne,FGSE,,"Chimie de l'environnement · Pétrologie, minéralogie, et géochimie",10,10,Documenté
CHIMORGAENVI,Chimie organique environnementale,M1 – Chimie et biologie,Sciences de l'environnement,2e,3,Marco Keiluweit,FGSE,,Chimie de l'environnement,3,3,Documenté
BIOLOG,Biologie,M1 – Chimie et biologie,Sciences de l'environnement,2e,3,Pascal Vittoz,FGSE,M. Blanc,Biologie et écosystèmes terrestre,3,3,Documenté
ECOLVEGE,Ecologie végétale,M1 – Chimie et biologie,Sciences de l'environnement,2e,3,Pascal Vittoz,FGSE,,Biologie et écosystèmes terrestre,4,4,Documenté
LEVEGEOM,Levés géomatiques,M2 – Outils quantitatifs,Sciences de l'environnement,2e,3,Beatriz Quintal,FGSE,,"Mathématiques, informatiques et statistiques",3,3,Documenté
ANALVECT,Analyse vectorielle,M2 (SE) ; M4 (Géologie),Sciences de l'environnement,2e,3,Pietro De Anna,FGSE,,"Mathématiques, informatiques et statistiques",5,5,Documenté
MODENUME,Modélisation numérique,M2 (SE) ; M4 (Géologie),Sciences de l'environnement,2e,3,Guillaume Jouvet,FGSE,,"Mathématiques, informatiques et statistiques · Physique de l'environnement",3,3,Documenté
PHYSGENEII,Physique générale II,M3 – Éléments de géosciences (SE) ; M4 (Géologie),Sciences de l'environnement,2e,3,F. Carbone (EPFL) / S. Bréchet (EPFL),EPFL,,Physique de l'environnement,0,0,À documenter
PHYSGLOB,Physique du globe,M3 (SE) ; M3 (Géologie),Sciences de l'environnement,2e,3,James Irving,FGSE,NN,Géologie appliquée et géophysique · Physique de l'environnement,3,3,Documenté
GEOMORII,Géomorphologie II,M3 (SE) ; M2 (Géologie),Sciences de l'environnement,2e,3,Christophe Lambiel,FGSE,,"Géosphère et environnement terrestre · Sédimentologie, climat, géomorphologie, paléontologie, et histoire de la vie",3,3,Documenté
RISQENVI,Risques environnementaux,M3 (SE) ; M3 (Géologie),Sciences de l'environnement,2e,3,Michel Jaboyedoff,FGSE,,Géologie appliquée et géophysique,0,0,À documenter
PRINSCIEATMO,Principes de la science atmosphérique,M4 – Processus environnementaux,Sciences de l'environnement,2e,6,Daniela Domeisen,FGSE,,Climat et changement globaux,0,0,À documenter
HYDROL,Hydrologie,M4 (SE) ; M5 (SE),Sciences de l'environnement,2e/3e,6,Paolo Benettin,FGSE,,Sciences Aquatique,4,4,Documenté
HYDRFORMPROC,"Hydrauliques, formes et processus fluviaux",M5 – Approches et gestion de l'environnement,Sciences de l'environnement,3e,3,Stuart Lane,FGSE,G. Antoniazza,Sciences Aquatique,3,3,Documenté
PEDOLO,Pédologie,M5 – Approches et gestion de l'environnement,Sciences de l'environnement,3e,3,Stéphanie Grand,FGSE,,Géosphère et environnement terrestre,0,0,À documenter
CAMPTERRENVI,Camp de terrain en environnement,M5 – Approches et gestion de l'environnement,Sciences de l'environnement,3e,3,Stuart Lane,FGSE,G. Antoniazza,Camps de terrain · Sciences Aquatique,3,3,Documenté
GEOPENVI,Géophysique de l'environnement,M6 – Sciences et outils quantitatifs,Sciences de l'environnement,3e,6,Niklas Linde,FGSE,,Géologie appliquée et géophysique · Physique de l'environnement,3,3,Documenté
GEOPENVICAMP,Géophysique de l'environnement : camp,M6 – Sciences et outils quantitatifs,Sciences de l'environnement,3e,3,James Irving,FGSE,N. Linde,Camps de terrain · Géologie appliquée et géophysique,3,3,Documenté
ANALDONNENVI,Analyses des données environnementales,M6 – Sciences et outils quantitatifs,Sciences de l'environnement,3e,3,Marie-Elodie Perga,FGSE,,"Mathématiques, informatiques et statistiques · Sciences Aquatique",3,3,Documenté
EXCUCARTGEOM,Excursions et cartographie géomorphologique,M7a – Processus de la surface terrestre,Sciences de l'environnement,3e,3,Christophe Lambiel,FGSE,,Camps de terrain · Géosphère et environnement terrestre,1,1,Documenté
ETUDMOUVGRAV,Etudes des mouvements gravitaires,M7a – Processus de la surface terrestre,Sciences de l'environnement,3e,3,Marc-Henri Derron,FGSE,M. Jaboyedoff,Géologie appliquée et géophysique,4,4,Documenté
CHANENVIQUAT,Changement environnemental du quaternaire,M7a – Processus de la surface terrestre,Sciences de l'environnement,3e,3,Georgina King,FGSE,,"Climat et changement globaux · Sédimentologie, climat, géomorphologie, paléontologie, et histoire de la vie",4,4,Documenté
CARTGEOL,Cartographie géologique,M7a (SE) ; M6 (Géologie),Sciences de l'environnement,3e,3,Stefan Schmalholz,FGSE,A. Daley,"Camps de terrain · Géologie structurale et tectonique, chaînes de montagnes",3,3,Documenté
ECOTOX,Ecotoxicologie,M7b – Sciences aquatiques,Sciences de l'environnement,3e,3,Nathalie Chèvre,FGSE,,Chimie de l'environnement · Sciences Aquatique,3,3,Documenté
HYDRPOLLEAUX,Hydrochimie et pollution des eaux,M7b – Sciences aquatiques,Sciences de l'environnement,3e,3,Jasmine Berg,FGSE,,Chimie de l'environnement · Sciences Aquatique,7,7,Documenté
LIMNOL,Limnologie,M7b – Sciences aquatiques,Sciences de l'environnement,3e,3,Marie-Elodie Perga,FGSE,,Sciences Aquatique,3,3,Documenté
INTRGEOCISOT,Introduction à la géochimie isotopique,M7b (SE) ; M4 (Géologie),Sciences de l'environnement,2e/3e,3,Torsten Vennemann,FGSE,B. Bomou ; M. Galvez,"Chimie de l'environnement · Pétrologie, minéralogie, et géochimie",3,3,Documenté
PETRMAGMMETA,Pétrographie magmatique et métamorphique,M1 – Géologie structurale et pétrologie,Géologie,2e,3,Othmar Müntener,FGSE,P. Lanari,"Pétrologie, minéralogie, et géochimie",3,3,Documenté
GEOLSTRU,Géologie structurale,M1 – Géologie structurale et pétrologie,Géologie,2e,6,Anindita Samsu,FGSE,,"Géologie structurale et tectonique, chaînes de montagnes",3,3,Documenté
CAMPGEOLSTRU,Camp de géologie structurale,M1 – Géologie structurale et pétrologie,Géologie,2e,3,Anindita Samsu,FGSE,,"Camps de terrain · Géologie structurale et tectonique, chaînes de montagnes",3,3,Documenté
CAMPPETRMAGM,Camp de pétrologie magmatique,M1 – Géologie structurale et pétrologie,Géologie,2e,3,Othmar Müntener,FGSE,S. Pilet,"Camps de terrain · Pétrologie, minéralogie, et géochimie",4,4,Documenté
SEDIPHYS,Sédimentologie physique,"M2 – Sédimentologie, géomorphologie et paléontologie",Géologie,2e,3,Samuel Jaccard,FGSE,B. Bomou,"Sédimentologie, climat, géomorphologie, paléontologie, et histoire de la vie",4,4,Documenté
PALEON,Paléontologie,"M2 – Sédimentologie, géomorphologie et paléontologie",Géologie,2e,3,Allison Daley,FGSE,A. Pictet,"Sédimentologie, climat, géomorphologie, paléontologie, et histoire de la vie",3,3,Documenté
CAMPSTRASEDI,Camp de stratigraphie et sédimentologie,"M2 – Sédimentologie, géomorphologie et paléontologie",Géologie,2e,3,Samuel Jaccard,FGSE,B. Bomou,"Camps de terrain · Sédimentologie, climat, géomorphologie, paléontologie, et histoire de la vie",3,3,Documenté
TECTGEOD,Tectonique et géodynamique,M3 – Géophysique et risques,Géologie,2e,3,Stefan Schmalholz,FGSE,,"Géologie structurale et tectonique, chaînes de montagnes",3,3,Documenté
PETRMAGMAVA,Pétrologie magmatique et métamorphique (avancée),M5 – Géologie avancée,Géologie,3e,3,Pierre Lanari,FGSE,O. Müntener,"Pétrologie, minéralogie, et géochimie",3,3,Documenté
THERCINE,Thermodynamique et cinétique,M5 – Géologie avancée,Géologie,3e,3,Othmar Müntener,FGSE,J. Marin-Carbonne ; P. Lanari,"Pétrologie, minéralogie, et géochimie",4,4,Documenté
PETRMETACAMP,"Pétrologie métamorphique, camp",M5 – Géologie avancée,Géologie,3e,5,Pierre Lanari,FGSE,,"Camps de terrain · Pétrologie, minéralogie, et géochimie",3,3,Documenté
GEOLCHAIALPI,Géologie de la chaîne alpine,M5 – Géologie avancée,Géologie,3e,3,Othmar Müntener,FGSE,S. Schmalholz ; P. Lanari,"Géologie structurale et tectonique, chaînes de montagnes",4,4,Documenté
EROSTECTCLIM,"Erosion, tectonique et climat",M6 – Géologie de la surface terrestre,Géologie,3e,3,Guillaume Jouvet,FGSE,J.-D. Champagnac ; G. King,Climat et changement globaux,9,9,Documenté
HYDRGENE,Hydrogéologie générale,M6 – Géologie de la surface terrestre,Géologie,3e,3,Philippe Renard,UNINE,C. Roques (UNINE),Géologie appliquée et géophysique · Sciences Aquatique,0,0,À documenter
SEDIBIOC,Sédimentologie biochimique,M6 – Géologie de la surface terrestre,Géologie,3e,3,Samuel Jaccard,FGSE,,"Sédimentologie, climat, géomorphologie, paléontologie, et histoire de la vie",4,4,Documenté
CAMPCARTPALE,Camp de cartographie et paléontologie,M6 – Géologie de la surface terrestre,Géologie,3e,3,Allison Daley,FGSE,S. Jaccard ; B. Bomou,"Camps de terrain · Sédimentologie, climat, géomorphologie, paléontologie, et histoire de la vie",3,3,Documenté
GEOPEXPL,Géophysique d'exploration,M7 – Géologie de l'exploration,Géologie,3e,6,Klaus Holliger,FGSE,,Géologie appliquée et géophysique,2,2,Documenté
GEOPEXPLCAMP,Géophysique d'exploration – camp,M7 – Géologie de l'exploration,Géologie,3e,6,James Irving,FGSE,N. Linde ; B. Quintal,Camps de terrain · Géologie appliquée et géophysique,3,3,Documenté
GEOLINGE,Géologie de l'ingénieur,M7 – Géologie de l'exploration,Géologie,3e,3,"M. Violay (EPFL, coord.)",EPFL,O. Müntener ; P. Lanari,Géologie appliquée et géophysique,0,0,À documenter
GEOLINGEEXCU,"Géologie de l'ingénieur, excursion",M7 – Géologie de l'exploration,Géologie,3e,1,Beatriz Quintal,FGSE,L. Baron,Camps de terrain · Géologie appliquée et géophysique,3,3,Documenté
INTRMETE,Introduction à la météorologie,Module à choix libre,Choix libre,2e/3e,3,(à préciser – FGSE),FGSE,,Climat et changement globaux,0,0,À documenter
