enseignement_a,enseignement_b,nb_concepts_communs,concepts_communs
Hydrologie,Introduction aux sciences de l'environnement,6,Calcul et ordres de grandeur · Cycle de l'eau · Données · Incertitude · Modélisation · Surface terrestre
Camp de terrain en environnement,Géophysique d'exploration – camp,5,Données · Mesure et instruments · Terrain · Travail en équipe · Écriture scientifique
Camp de terrain en environnement,Géophysique de l'environnement : camp,5,Données · Mesure et instruments · Terrain · Travail en équipe · Écriture scientifique
Dynamiques urbaines (camp de terrain),Géochimie environnementale,5,Communication · Lecture critique · Observation · Travail en équipe · Écriture scientifique
"Erosion, tectonique et climat",Introduction aux sciences de l'environnement,5,Autonomie · Données · Lecture critique · Modélisation · Surface terrestre
Etudes des mouvements gravitaires,Introduction aux sciences de l'environnement,5,Calcul et ordres de grandeur · Lecture critique · Polluants et risques · Sociétés et populations · Terrain
Géophysique d'exploration – camp,Géophysique de l'environnement : camp,5,Données · Mesure et instruments · Terrain · Travail en équipe · Écriture scientifique
Hydrochimie et pollution des eaux,Introduction aux sciences de l'environnement,5,Calcul et ordres de grandeur · Cycle de l'eau · Modélisation · Polluants et risques · Écriture scientifique
Camp de cartographie et paléontologie,Camp de stratigraphie et sédimentologie,4,Cartographie · Roches et minéraux · Temps long · Terrain
Camp de cartographie et paléontologie,Introduction aux sciences de l'environnement,4,Données · Lecture critique · Terrain · Écriture scientifique
Camp de cartographie et paléontologie,Introduction à la géologie alpine,4,Cartographie · Roches et minéraux · Terrain · Écriture scientifique
Camp de cartographie et paléontologie,"Pétrologie métamorphique, camp",4,Cartographie · Données · Roches et minéraux · Terrain
Camp de terrain en environnement,Camp de terrain en géologie,4,Données · Mesure et instruments · Terrain · Travail en équipe
Camp de terrain en géologie,Géophysique d'exploration – camp,4,Données · Mesure et instruments · Terrain · Travail en équipe
Camp de terrain en géologie,Géophysique de l'environnement : camp,4,Données · Mesure et instruments · Terrain · Travail en équipe
Dynamiques urbaines (camp de terrain),Etudes des mouvements gravitaires,4,Lecture critique · Observation · Terrain · Travail en équipe
Dynamiques urbaines (camp de terrain),Excursions et cas d'études (GES),4,Communication · Observation · Terrain · Travail en équipe
Dynamiques urbaines (camp de terrain),Excursions et cas d'études (SE),4,Observation · Terrain · Travail en équipe · Écriture scientifique
Dynamiques urbaines (camp de terrain),Géographie du développement,4,Communication · Lecture critique · Théories et paradigmes · Écriture scientifique
Dynamiques urbaines (camp de terrain),Géographie sociale et culturelle,4,Lecture critique · Observation · Terrain · Écriture scientifique
"Erosion, tectonique et climat",Géochimie environnementale,4,Communication · Données · Lecture critique · Modélisation
"Erosion, tectonique et climat",Géologie de la chaîne alpine,4,Communication · Données · Modélisation · Structure du globe
"Erosion, tectonique et climat",Géophysique de l'environnement,4,Données · Lecture critique · Modélisation · Surface terrestre
Etudes des mouvements gravitaires,Géographie sociale et culturelle,4,Lecture critique · Observation · Sociétés et populations · Terrain
Géochimie environnementale,Géographie du développement,4,Communication · Lecture critique · Visualisation · Écriture scientifique
Géochimie environnementale,Introduction aux sciences de l'environnement,4,Données · Lecture critique · Modélisation · Écriture scientifique
Géographie sociale et culturelle,Introduction aux sciences de l'environnement,4,Lecture critique · Sociétés et populations · Terrain · Écriture scientifique
Géophysique de l'environnement,Introduction aux sciences de l'environnement,4,Données · Lecture critique · Modélisation · Surface terrestre
Hydrochimie et pollution des eaux,Méthodes quantitatives I : introduction aux principes et statistiques descriptives,4,Calcul et ordres de grandeur · Modélisation · Théories et paradigmes · Échantillonnage
Hydrologie,Méthodes quantitatives I : introduction aux principes et statistiques descriptives,4,Calcul et ordres de grandeur · Données · Incertitude · Modélisation
Introduction aux sciences de l'environnement,Méthodes quantitatives I : introduction aux principes et statistiques descriptives,4,Calcul et ordres de grandeur · Données · Incertitude · Modélisation
Aménagement du territoire,Dynamiques urbaines (camp de terrain),3,Communication · Territoire et aménagement · Travail en équipe
Aménagement du territoire,Eléments d'économie écologique,3,Atmosphère et climat · Enjeux de durabilité · Gouvernance et politiques
Aménagement du territoire,"Erosion, tectonique et climat",3,Atmosphère et climat · Communication · Surface terrestre
Aménagement du territoire,Regards croisés sur le changement climatique,3,Atmosphère et climat · Gouvernance et politiques · Sociétés et populations
Analyses des données environnementales,Méthodes quantitatives I : introduction aux principes et statistiques descriptives,3,Données · Statistique · Visualisation
Camp de cartographie et paléontologie,Camp de terrain en environnement,3,Données · Terrain · Écriture scientifique
Camp de cartographie et paléontologie,Camp de terrain en géologie,3,Cartographie · Données · Terrain
Camp de cartographie et paléontologie,Cartographie géologique,3,Cartographie · Données · Écriture scientifique
Camp de cartographie et paléontologie,Dynamiques urbaines (camp de terrain),3,Lecture critique · Terrain · Écriture scientifique
Camp de cartographie et paléontologie,Géochimie environnementale,3,Données · Lecture critique · Écriture scientifique
Camp de cartographie et paléontologie,Géographie du développement,3,Cartographie · Lecture critique · Écriture scientifique
Camp de cartographie et paléontologie,Géographie sociale et culturelle,3,Lecture critique · Terrain · Écriture scientifique
Camp de cartographie et paléontologie,Géologie de la chaîne alpine,3,Données · Roches et minéraux · Terrain
Camp de cartographie et paléontologie,Géologie régionale,3,Cartographie · Lecture critique · Terrain
Camp de cartographie et paléontologie,Géophysique d'exploration – camp,3,Données · Terrain · Écriture scientifique
Camp de cartographie et paléontologie,Géophysique de l'environnement : camp,3,Données · Terrain · Écriture scientifique
Camp de cartographie et paléontologie,Sédimentologie biochimique,3,Données · Roches et minéraux · Temps long
Camp de géologie structurale,Camp de terrain en environnement,3,Données · Terrain · Travail en équipe
Camp de géologie structurale,Camp de terrain en géologie,3,Données · Terrain · Travail en équipe
Camp de géologie structurale,Géophysique d'exploration – camp,3,Données · Terrain · Travail en équipe
Camp de géologie structurale,Géophysique de l'environnement : camp,3,Données · Terrain · Travail en équipe
Camp de pétrologie magmatique,Dynamiques urbaines (camp de terrain),3,Communication · Observation · Terrain
Camp de pétrologie magmatique,Excursions et cas d'études (GES),3,Communication · Observation · Terrain
Camp de pétrologie magmatique,Excursions et cas d'études (SE),3,Observation · Terrain · Échantillonnage
Camp de pétrologie magmatique,Géologie de la chaîne alpine,3,Communication · Roches et minéraux · Terrain
Camp de pétrologie magmatique,Introduction à la géologie alpine,3,Observation · Roches et minéraux · Terrain
Camp de stratigraphie et sédimentologie,Camp de terrain en géologie,3,Cartographie · Mesure et instruments · Terrain
Camp de stratigraphie et sédimentologie,"Hydrauliques, formes et processus fluviaux",3,Mesure et instruments · Roches et minéraux · Terrain
Camp de stratigraphie et sédimentologie,Introduction à la géologie alpine,3,Cartographie · Roches et minéraux · Terrain
Camp de stratigraphie et sédimentologie,"Pétrologie métamorphique, camp",3,Cartographie · Roches et minéraux · Terrain
Camp de terrain en environnement,Cartographie géologique,3,Données · Mesure et instruments · Écriture scientifique
Camp de terrain en environnement,Dynamiques urbaines (camp de terrain),3,Terrain · Travail en équipe · Écriture scientifique
Camp de terrain en environnement,Excursions et cas d'études (SE),3,Terrain · Travail en équipe · Écriture scientifique
Camp de terrain en environnement,Géochimie environnementale,3,Données · Travail en équipe · Écriture scientifique
Camp de terrain en environnement,Introduction aux sciences de l'environnement,3,Données · Terrain · Écriture scientifique
Camp de terrain en environnement,Levés géomatiques,3,Données · Mesure et instruments · Terrain
Camp de terrain en géologie,Cartographie géologique,3,Cartographie · Données · Mesure et instruments
Camp de terrain en géologie,Dynamiques urbaines (camp de terrain),3,Observation · Terrain · Travail en équipe
Camp de terrain en géologie,Etudes des mouvements gravitaires,3,Observation · Terrain · Travail en équipe
Camp de terrain en géologie,Excursions et cas d'études (GES),3,Observation · Terrain · Travail en équipe
Camp de terrain en géologie,Excursions et cas d'études (SE),3,Observation · Terrain · Travail en équipe
Camp de terrain en géologie,Géochimie environnementale,3,Données · Observation · Travail en équipe
Camp de terrain en géologie,Géologie structurale,3,Cartographie · Données · Mesure et instruments
Camp de terrain en géologie,Introduction aux sciences de l'environnement,3,Autonomie · Données · Terrain
Camp de terrain en géologie,Introduction à la géologie alpine,3,Cartographie · Observation · Terrain
Camp de terrain en géologie,Levés géomatiques,3,Données · Mesure et instruments · Terrain
Camp de terrain en géologie,"Pétrologie métamorphique, camp",3,Cartographie · Données · Terrain
Cartographie géologique,Géologie structurale,3,Cartographie · Données · Mesure et instruments
Cartographie géologique,Géophysique d'exploration – camp,3,Données · Mesure et instruments · Écriture scientifique
Cartographie géologique,Géophysique de l'environnement : camp,3,Données · Mesure et instruments · Écriture scientifique
Changement environnemental du quaternaire,"Erosion, tectonique et climat",3,Atmosphère et climat · Données · Surface terrestre
Changement environnemental du quaternaire,Limnologie,3,Atmosphère et climat · Données · Surface terrestre
Dynamiques urbaines (camp de terrain),Géologie régionale,3,Communication · Lecture critique · Terrain
Dynamiques urbaines (camp de terrain),Géophysique d'exploration – camp,3,Terrain · Travail en équipe · Écriture scientifique
Dynamiques urbaines (camp de terrain),Géophysique de l'environnement : camp,3,Terrain · Travail en équipe · Écriture scientifique
Dynamiques urbaines (camp de terrain),Introduction aux sciences de l'environnement,3,Lecture critique · Terrain · Écriture scientifique
Dynamiques urbaines (camp de terrain),Introduction à la géologie alpine,3,Observation · Terrain · Écriture scientifique
Dynamiques urbaines (camp de terrain),Introduction à la pensée écologique,3,Lecture critique · Théories et paradigmes · Travail en équipe
Eléments d'écologie,"Géographie, environnement et sociétés : approches et théories contemporaines",3,Sociétés et populations · Théories et paradigmes · Vivant et écosystèmes
Eléments d'écologie,Méthodes quantitatives I : introduction aux principes et statistiques descriptives,3,Données · Théories et paradigmes · Visualisation
Eléments d'écologie,"Tourisme : environnement, société, économie",3,Données · Sociétés et populations · Théories et paradigmes
Eléments d'économie écologique,Géographie économique,3,Gouvernance et politiques · Théories et paradigmes · Économie
Eléments d'économie écologique,"Géographie, environnement et sociétés : approches et théories contemporaines",3,Enjeux de durabilité · Théories et paradigmes · Vivant et écosystèmes
Eléments d'économie écologique,"Tourisme : environnement, société, économie",3,Gouvernance et politiques · Théories et paradigmes · Économie
"Erosion, tectonique et climat",Géoinformatique II,3,Autonomie · Communication · Données
"Erosion, tectonique et climat",Géologie régionale,3,Communication · Lecture critique · Structure du globe
"Erosion, tectonique et climat",Hydrologie,3,Données · Modélisation · Surface terrestre
"Erosion, tectonique et climat",Limnologie,3,Atmosphère et climat · Données · Surface terrestre
Etudes des mouvements gravitaires,Excursions et cas d'études (GES),3,Observation · Terrain · Travail en équipe
Etudes des mouvements gravitaires,Excursions et cas d'études (SE),3,Observation · Terrain · Travail en équipe
Etudes des mouvements gravitaires,Géochimie environnementale,3,Lecture critique · Observation · Travail en équipe
Evaluation critique des méthodes en économie environnementale,Géographie du développement,3,Lecture critique · Théories et paradigmes · Visualisation
Evaluation critique des méthodes en économie environnementale,Méthodes quantitatives I : introduction aux principes et statistiques descriptives,3,Incertitude · Théories et paradigmes · Visualisation
Evaluation critique des méthodes en économie environnementale,"Tourisme : environnement, société, économie",3,Lecture critique · Théories et paradigmes · Économie
Excursions et cas d'études (GES),Excursions et cas d'études (SE),3,Observation · Terrain · Travail en équipe
Excursions et cas d'études (GES),Géochimie environnementale,3,Communication · Observation · Travail en équipe
Excursions et cas d'études (SE),Géochimie environnementale,3,Observation · Travail en équipe · Écriture scientifique
Excursions et cas d'études (SE),Géographie sociale et culturelle,3,Observation · Terrain · Écriture scientifique
Excursions et cas d'études (SE),Géophysique d'exploration – camp,3,Terrain · Travail en équipe · Écriture scientifique
Excursions et cas d'études (SE),Géophysique de l'environnement : camp,3,Terrain · Travail en équipe · Écriture scientifique
Excursions et cas d'études (SE),Introduction à la géologie alpine,3,Observation · Terrain · Écriture scientifique
Gestion sociale des flux de matière,Systèmes énergétiques,3,Sociétés et populations · Économie · Énergie et flux de matière
Gestion sociale des flux de matière,"Tourisme : environnement, société, économie",3,Lecture critique · Sociétés et populations · Économie
Géochimie environnementale,Géographie sociale et culturelle,3,Lecture critique · Observation · Écriture scientifique
Géochimie environnementale,Géoinformatique II,3,Communication · Données · Visualisation
Géochimie environnementale,Géologie de la chaîne alpine,3,Communication · Données · Modélisation
Géochimie environnementale,Géophysique d'exploration – camp,3,Données · Travail en équipe · Écriture scientifique
Géochimie environnementale,Géophysique de l'environnement,3,Données · Lecture critique · Modélisation
Géochimie environnementale,Géophysique de l'environnement : camp,3,Données · Travail en équipe · Écriture scientifique
Géochimie environnementale,Méthodes quantitatives I : introduction aux principes et statistiques descriptives,3,Données · Modélisation · Visualisation
Géographie du développement,Géologie régionale,3,Cartographie · Communication · Lecture critique
Géographie du développement,Méthodes quantitatives I : introduction aux principes et statistiques descriptives,3,Statistique · Théories et paradigmes · Visualisation
Géographie du développement,"Tourisme : environnement, société, économie",3,Gouvernance et politiques · Lecture critique · Théories et paradigmes
Géographie sociale et culturelle,Introduction à la géologie alpine,3,Observation · Terrain · Écriture scientifique
Géographie économique,"Tourisme : environnement, société, économie",3,Gouvernance et politiques · Théories et paradigmes · Économie
Géoinformatique II,Introduction aux sciences de l'environnement,3,Autonomie · Données · Éthique et intégrité
Géoinformatique II,Méthodes qualitatives avancées : méthodes et terrains,3,Communication · Données · Éthique et intégrité
Géoinformatique II,Télédétection,3,Données · Géomatique et SIG · Programmation
Géologie de la chaîne alpine,Géologie régionale,3,Communication · Structure du globe · Terrain
Géologie de la chaîne alpine,Introduction aux sciences de l'environnement,3,Données · Modélisation · Terrain
Géologie de la chaîne alpine,Introduction à la géologie alpine,3,Roches et minéraux · Structure du globe · Terrain
Géologie de la chaîne alpine,"Pétrologie métamorphique, camp",3,Données · Roches et minéraux · Terrain
Géologie régionale,Introduction à la géologie alpine,3,Cartographie · Structure du globe · Terrain
Géophysique d'exploration,"Hydrauliques, formes et processus fluviaux",3,Cycle de l'eau · Mesure et instruments · Roches et minéraux
Géophysique d'exploration,Hydrologie,3,Calcul et ordres de grandeur · Cycle de l'eau · Mesure et instruments
Géophysique d'exploration – camp,Introduction aux sciences de l'environnement,3,Données · Terrain · Écriture scientifique
Géophysique d'exploration – camp,Levés géomatiques,3,Données · Mesure et instruments · Terrain
Géophysique de l'environnement,Hydrologie,3,Données · Modélisation · Surface terrestre
Géophysique de l'environnement : camp,Introduction aux sciences de l'environnement,3,Données · Terrain · Écriture scientifique
Géophysique de l'environnement : camp,Levés géomatiques,3,Données · Mesure et instruments · Terrain
Hydrochimie et pollution des eaux,Hydrologie,3,Calcul et ordres de grandeur · Cycle de l'eau · Modélisation
Hydrologie,Levés géomatiques,3,Données · Incertitude · Mesure et instruments
Hydrologie,Limnologie,3,Cycle de l'eau · Données · Surface terrestre
Introduction aux sciences de l'environnement,Introduction à la géologie alpine,3,Surface terrestre · Terrain · Écriture scientifique
Introduction aux sciences de l'environnement,Levés géomatiques,3,Données · Incertitude · Terrain
Introduction aux sciences de l'environnement,Limnologie,3,Cycle de l'eau · Données · Surface terrestre
Introduction aux sciences de l'environnement,Modélisation numérique,3,Modélisation · Polluants et risques · Surface terrestre
Introduction aux sciences de l'environnement,"Tourisme : environnement, société, économie",3,Données · Lecture critique · Sociétés et populations
Introduction à la géologie alpine,Pétrographie magmatique et métamorphique,3,Observation · Roches et minéraux · Structure du globe
Introduction à la géologie alpine,"Pétrologie métamorphique, camp",3,Cartographie · Roches et minéraux · Terrain
Méthodes quantitatives I : introduction aux principes et statistiques descriptives,Méthodes quantitatives II : statistiques inférentielles,3,Calcul et ordres de grandeur · Statistique · Théories et paradigmes
Systèmes énergétiques,"Tourisme : environnement, société, économie",3,Gouvernance et politiques · Sociétés et populations · Économie
Aménagement du territoire,Camp de terrain en environnement,2,Mesure et instruments · Travail en équipe
Aménagement du territoire,Camp de terrain en géologie,2,Mesure et instruments · Travail en équipe
Aménagement du territoire,Changement environnemental du quaternaire,2,Atmosphère et climat · Surface terrestre
Aménagement du territoire,Droit de l'environnement,2,Gouvernance et politiques · Mesure et instruments
Aménagement du territoire,Eléments de sciences économiques,2,Gouvernance et politiques · Mesure et instruments
Aménagement du territoire,Etudes des mouvements gravitaires,2,Sociétés et populations · Travail en équipe
Aménagement du territoire,Excursions et cas d'études (GES),2,Communication · Travail en équipe
Aménagement du territoire,Gestion sociale des flux de matière,2,Enjeux de durabilité · Sociétés et populations
Aménagement du territoire,Géochimie environnementale,2,Communication · Travail en équipe
Aménagement du territoire,Géographie des mobilités,2,Enjeux de durabilité · Sociétés et populations
Aménagement du territoire,Géographie du développement,2,Communication · Gouvernance et politiques
Aménagement du territoire,Géographie économique,2,Gouvernance et politiques · Territoire et aménagement
Aménagement du territoire,"Géographie, environnement et sociétés : approches et théories contemporaines",2,Enjeux de durabilité · Sociétés et populations
Aménagement du territoire,Géomorphologie II,2,Surface terrestre · Territoire et aménagement
Aménagement du territoire,Géophysique d'exploration – camp,2,Mesure et instruments · Travail en équipe
Aménagement du territoire,Géophysique de l'environnement : camp,2,Mesure et instruments · Travail en équipe
Aménagement du territoire,Hydrologie,2,Mesure et instruments · Surface terrestre
Aménagement du territoire,Introduction aux sciences de l'environnement,2,Sociétés et populations · Surface terrestre
Aménagement du territoire,Limnologie,2,Atmosphère et climat · Surface terrestre
Aménagement du territoire,Systèmes énergétiques,2,Gouvernance et politiques · Sociétés et populations
Aménagement du territoire,"Tourisme : environnement, société, économie",2,Gouvernance et politiques · Sociétés et populations
Analyse vectorielle,Méthodes quantitatives I : introduction aux principes et statistiques descriptives,2,Calcul et ordres de grandeur · Statistique
Analyse vectorielle,Méthodes quantitatives II : statistiques inférentielles,2,Calcul et ordres de grandeur · Statistique
Analyses des données environnementales,Eléments d'écologie,2,Données · Visualisation
Analyses des données environnementales,Géochimie environnementale,2,Données · Visualisation
Analyses des données environnementales,Géographie du développement,2,Statistique · Visualisation
Analyses des données environnementales,Géoinformatique II,2,Données · Visualisation
Camp de cartographie et paléontologie,Camp de géologie structurale,2,Données · Terrain
Camp de cartographie et paléontologie,Camp de pétrologie magmatique,2,Roches et minéraux · Terrain
Camp de cartographie et paléontologie,"Erosion, tectonique et climat",2,Données · Lecture critique
Camp de cartographie et paléontologie,Etudes des mouvements gravitaires,2,Lecture critique · Terrain
Camp de cartographie et paléontologie,Excursions et cartographie géomorphologique,2,Cartographie · Terrain
Camp de cartographie et paléontologie,Excursions et cas d'études (SE),2,Terrain · Écriture scientifique
Camp de cartographie et paléontologie,Géologie structurale,2,Cartographie · Données
Camp de cartographie et paléontologie,Géophysique de l'environnement,2,Données · Lecture critique
Camp de cartographie et paléontologie,"Hydrauliques, formes et processus fluviaux",2,Roches et minéraux · Terrain
Camp de cartographie et paléontologie,Levés géomatiques,2,Données · Terrain
Camp de cartographie et paléontologie,Limnologie,2,Cartographie · Données
Camp de cartographie et paléontologie,Political Ecology,2,Lecture critique · Écriture scientifique
Camp de cartographie et paléontologie,Pétrologie magmatique et métamorphique (avancée),2,Lecture critique · Roches et minéraux
Camp de cartographie et paléontologie,"Tourisme : environnement, société, économie",2,Données · Lecture critique
Camp de géologie structurale,Dynamiques urbaines (camp de terrain),2,Terrain · Travail en équipe
Camp de géologie structurale,Etudes des mouvements gravitaires,2,Terrain · Travail en équipe
Camp de géologie structurale,Excursions et cas d'études (GES),2,Terrain · Travail en équipe
Camp de géologie structurale,Excursions et cas d'études (SE),2,Terrain · Travail en équipe
Camp de géologie structurale,Géochimie environnementale,2,Données · Travail en équipe
Camp de géologie structurale,Géologie de la chaîne alpine,2,Données · Terrain
Camp de géologie structurale,Introduction aux sciences de l'environnement,2,Données · Terrain
Camp de géologie structurale,Levés géomatiques,2,Données · Terrain
Camp de géologie structurale,"Pétrologie métamorphique, camp",2,Données · Terrain
Camp de pétrologie magmatique,Camp de stratigraphie et sédimentologie,2,Roches et minéraux · Terrain
Camp de pétrologie magmatique,Camp de terrain en géologie,2,Observation · Terrain
Camp de pétrologie magmatique,Etudes des mouvements gravitaires,2,Observation · Terrain
Camp de pétrologie magmatique,Géochimie environnementale,2,Communication · Observation
Camp de pétrologie magmatique,Géographie sociale et culturelle,2,Observation · Terrain
Camp de pétrologie magmatique,"Géologie de l'ingénieur, excursion",2,Communication · Observation
Camp de pétrologie magmatique,Géologie régionale,2,Communication · Terrain
Camp de pétrologie magmatique,"Hydrauliques, formes et processus fluviaux",2,Roches et minéraux · Terrain
Camp de pétrologie magmatique,Pétrographie magmatique et métamorphique,2,Observation · Roches et minéraux
Camp de pétrologie magmatique,"Pétrologie métamorphique, camp",2,Roches et minéraux · Terrain
Camp de stratigraphie et sédimentologie,Camp de terrain en environnement,2,Mesure et instruments · Terrain
Camp de stratigraphie et sédimentologie,Cartographie géologique,2,Cartographie · Mesure et instruments
Camp de stratigraphie et sédimentologie,Excursions et cartographie géomorphologique,2,Cartographie · Terrain
Camp de stratigraphie et sédimentologie,Géologie de la chaîne alpine,2,Roches et minéraux · Terrain
Camp de stratigraphie et sédimentologie,Géologie régionale,2,Cartographie · Terrain
Camp de stratigraphie et sédimentologie,Géologie structurale,2,Cartographie · Mesure et instruments
Camp de stratigraphie et sédimentologie,Géophysique d'exploration,2,Mesure et instruments · Roches et minéraux
Camp de stratigraphie et sédimentologie,Géophysique d'exploration – camp,2,Mesure et instruments · Terrain
Camp de stratigraphie et sédimentologie,Géophysique de l'environnement : camp,2,Mesure et instruments · Terrain
Camp de stratigraphie et sédimentologie,Levés géomatiques,2,Mesure et instruments · Terrain
Camp de stratigraphie et sédimentologie,Sédimentologie biochimique,2,Roches et minéraux · Temps long
Camp de terrain en environnement,Etudes des mouvements gravitaires,2,Terrain · Travail en équipe
Camp de terrain en environnement,Excursions et cas d'études (GES),2,Terrain · Travail en équipe
Camp de terrain en environnement,Géographie sociale et culturelle,2,Terrain · Écriture scientifique
Camp de terrain en environnement,Géologie de la chaîne alpine,2,Données · Terrain
Camp de terrain en environnement,Géologie structurale,2,Données · Mesure et instruments
Camp de terrain en environnement,"Hydrauliques, formes et processus fluviaux",2,Mesure et instruments · Terrain
Camp de terrain en environnement,Hydrochimie et pollution des eaux,2,Protocole · Écriture scientifique
Camp de terrain en environnement,Hydrologie,2,Données · Mesure et instruments
Camp de terrain en environnement,Introduction à la géologie alpine,2,Terrain · Écriture scientifique
Camp de terrain en environnement,Méthodes qualitatives avancées : méthodes et terrains,2,Données · Protocole
Camp de terrain en environnement,"Pétrologie métamorphique, camp",2,Données · Terrain
Camp de terrain en géologie,"Erosion, tectonique et climat",2,Autonomie · Données
Camp de terrain en géologie,Excursions et cartographie géomorphologique,2,Cartographie · Terrain
Camp de terrain en géologie,Géographie sociale et culturelle,2,Observation · Terrain
Camp de terrain en géologie,Géoinformatique II,2,Autonomie · Données
Camp de terrain en géologie,Géologie de la chaîne alpine,2,Données · Terrain
Camp de terrain en géologie,Géologie régionale,2,Cartographie · Terrain
Camp de terrain en géologie,"Hydrauliques, formes et processus fluviaux",2,Mesure et instruments · Terrain
Camp de terrain en géologie,Hydrologie,2,Données · Mesure et instruments
Camp de terrain en géologie,Limnologie,2,Cartographie · Données
Cartographie géologique,Géochimie environnementale,2,Données · Écriture scientifique
Cartographie géologique,Géographie du développement,2,Cartographie · Écriture scientifique
Cartographie géologique,Hydrologie,2,Données · Mesure et instruments
Cartographie géologique,Introduction aux sciences de l'environnement,2,Données · Écriture scientifique
Cartographie géologique,Introduction à la géologie alpine,2,Cartographie · Écriture scientifique
Cartographie géologique,Levés géomatiques,2,Données · Mesure et instruments
Cartographie géologique,Limnologie,2,Cartographie · Données
Cartographie géologique,"Pétrologie métamorphique, camp",2,Cartographie · Données
Changement environnemental du quaternaire,Géophysique de l'environnement,2,Données · Surface terrestre
Changement environnemental du quaternaire,Hydrologie,2,Données · Surface terrestre
Changement environnemental du quaternaire,Introduction aux sciences de l'environnement,2,Données · Surface terrestre
Droit de l'environnement,Eléments de sciences économiques,2,Gouvernance et politiques · Mesure et instruments
Droit de l'environnement,Géographie du développement,2,Gouvernance et politiques · Lecture critique
Droit de l'environnement,"Tourisme : environnement, société, économie",2,Gouvernance et politiques · Lecture critique
Durabilité et modes de vie,Dynamiques urbaines (camp de terrain),2,Lecture critique · Travail en équipe
Durabilité et modes de vie,Etudes des mouvements gravitaires,2,Lecture critique · Travail en équipe
Durabilité et modes de vie,Géochimie environnementale,2,Lecture critique · Travail en équipe
Durabilité et modes de vie,Introduction à la pensée écologique,2,Lecture critique · Travail en équipe
Dynamiques urbaines (camp de terrain),"Erosion, tectonique et climat",2,Communication · Lecture critique
Dynamiques urbaines (camp de terrain),Evaluation critique des méthodes en économie environnementale,2,Lecture critique · Théories et paradigmes
Dynamiques urbaines (camp de terrain),Géographie économique,2,Territoire et aménagement · Théories et paradigmes
Dynamiques urbaines (camp de terrain),"Géologie de l'ingénieur, excursion",2,Communication · Observation
Dynamiques urbaines (camp de terrain),Géologie de la chaîne alpine,2,Communication · Terrain
Dynamiques urbaines (camp de terrain),Hydrochimie et pollution des eaux,2,Théories et paradigmes · Écriture scientifique
Dynamiques urbaines (camp de terrain),Political Ecology,2,Lecture critique · Écriture scientifique
Dynamiques urbaines (camp de terrain),"Tourisme : environnement, société, économie",2,Lecture critique · Théories et paradigmes
Ecotoxicologie,Etudes des mouvements gravitaires,2,Lecture critique · Polluants et risques
Ecotoxicologie,Introduction aux sciences de l'environnement,2,Lecture critique · Polluants et risques
Eléments d'écologie,Eléments d'économie écologique,2,Théories et paradigmes · Vivant et écosystèmes
Eléments d'écologie,Evaluation critique des méthodes en économie environnementale,2,Théories et paradigmes · Visualisation
Eléments d'écologie,Géochimie environnementale,2,Données · Visualisation
Eléments d'écologie,Géographie du développement,2,Théories et paradigmes · Visualisation
Eléments d'écologie,Géoinformatique II,2,Données · Visualisation
Eléments d'écologie,Introduction aux sciences de l'environnement,2,Données · Sociétés et populations
Eléments d'écologie,Limnologie,2,Données · Vivant et écosystèmes
Eléments d'économie écologique,Eléments de sciences économiques,2,Gouvernance et politiques · Économie
Eléments d'économie écologique,Evaluation critique des méthodes en économie environnementale,2,Théories et paradigmes · Économie
Eléments d'économie écologique,Gestion sociale des flux de matière,2,Enjeux de durabilité · Économie
Eléments d'économie écologique,Géographie du développement,2,Gouvernance et politiques · Théories et paradigmes
Eléments d'économie écologique,Limnologie,2,Atmosphère et climat · Vivant et écosystèmes
Eléments d'économie écologique,Political Ecology,2,Vivant et écosystèmes · Économie
Eléments d'économie écologique,Regards croisés sur le changement climatique,2,Atmosphère et climat · Gouvernance et politiques
Eléments d'économie écologique,Systèmes énergétiques,2,Gouvernance et politiques · Économie
Eléments de sciences économiques,Géographie économique,2,Gouvernance et politiques · Économie
Eléments de sciences économiques,Systèmes énergétiques,2,Gouvernance et politiques · Économie
Eléments de sciences économiques,"Tourisme : environnement, société, économie",2,Gouvernance et politiques · Économie
"Erosion, tectonique et climat",Géographie du développement,2,Communication · Lecture critique
"Erosion, tectonique et climat",Géologie structurale,2,Données · Structure du globe
"Erosion, tectonique et climat",Introduction à la géologie alpine,2,Structure du globe · Surface terrestre
"Erosion, tectonique et climat",Modélisation numérique,2,Modélisation · Surface terrestre
"Erosion, tectonique et climat",Méthodes qualitatives avancées : méthodes et terrains,2,Communication · Données
"Erosion, tectonique et climat",Méthodes quantitatives I : introduction aux principes et statistiques descriptives,2,Données · Modélisation
"Erosion, tectonique et climat",Production de savoirs en géographie et environnement,2,Autonomie · Lecture critique
"Erosion, tectonique et climat",Pétrologie magmatique et métamorphique (avancée),2,Lecture critique · Structure du globe
"Erosion, tectonique et climat","Tourisme : environnement, société, économie",2,Données · Lecture critique
Etudes des mouvements gravitaires,Gestion sociale des flux de matière,2,Lecture critique · Sociétés et populations
Etudes des mouvements gravitaires,Géographie des mobilités,2,Sociétés et populations · Terrain
Etudes des mouvements gravitaires,Géologie régionale,2,Lecture critique · Terrain
Etudes des mouvements gravitaires,Géophysique d'exploration – camp,2,Terrain · Travail en équipe
Etudes des mouvements gravitaires,Géophysique de l'environnement : camp,2,Terrain · Travail en équipe
Etudes des mouvements gravitaires,Hydrochimie et pollution des eaux,2,Calcul et ordres de grandeur · Polluants et risques
Etudes des mouvements gravitaires,Introduction à la géologie alpine,2,Observation · Terrain
Etudes des mouvements gravitaires,Introduction à la pensée écologique,2,Lecture critique · Travail en équipe
Etudes des mouvements gravitaires,Population et dé/croissance,2,Observation · Sociétés et populations
Etudes des mouvements gravitaires,"Tourisme : environnement, société, économie",2,Lecture critique · Sociétés et populations
Evaluation critique des méthodes en économie environnementale,Gestion sociale des flux de matière,2,Lecture critique · Économie
Evaluation critique des méthodes en économie environnementale,Géochimie environnementale,2,Lecture critique · Visualisation
Evaluation critique des méthodes en économie environnementale,Géographie économique,2,Théories et paradigmes · Économie
Evaluation critique des méthodes en économie environnementale,Introduction aux sciences de l'environnement,2,Incertitude · Lecture critique
Evaluation critique des méthodes en économie environnementale,Introduction à la pensée écologique,2,Lecture critique · Théories et paradigmes
Evaluation critique des méthodes en économie environnementale,Political Ecology,2,Lecture critique · Économie
Excursions et cartographie géomorphologique,Géologie régionale,2,Cartographie · Terrain
Excursions et cartographie géomorphologique,Introduction à la géologie alpine,2,Cartographie · Terrain
Excursions et cartographie géomorphologique,"Pétrologie métamorphique, camp",2,Cartographie · Terrain
Excursions et cas d'études (GES),Géographie sociale et culturelle,2,Observation · Terrain
Excursions et cas d'études (GES),"Géologie de l'ingénieur, excursion",2,Communication · Observation
Excursions et cas d'études (GES),Géologie de la chaîne alpine,2,Communication · Terrain
Excursions et cas d'études (GES),Géologie régionale,2,Communication · Terrain
Excursions et cas d'études (GES),Géophysique d'exploration – camp,2,Terrain · Travail en équipe
Excursions et cas d'études (GES),Géophysique de l'environnement : camp,2,Terrain · Travail en équipe
Excursions et cas d'études (GES),Introduction à la géologie alpine,2,Observation · Terrain
Excursions et cas d'études (SE),Hydrochimie et pollution des eaux,2,Échantillonnage · Écriture scientifique
Excursions et cas d'études (SE),Introduction aux sciences de l'environnement,2,Terrain · Écriture scientifique
Gestion sociale des flux de matière,Géographie des mobilités,2,Enjeux de durabilité · Sociétés et populations
Gestion sociale des flux de matière,Géographie sociale et culturelle,2,Lecture critique · Sociétés et populations
Gestion sociale des flux de matière,"Géographie, environnement et sociétés : approches et théories contemporaines",2,Enjeux de durabilité · Sociétés et populations
Gestion sociale des flux de matière,Introduction aux sciences de l'environnement,2,Lecture critique · Sociétés et populations
Gestion sociale des flux de matière,Political Ecology,2,Lecture critique · Économie
Gestion sociale des flux de matière,Population et dé/croissance,2,Sociétés et populations · Économie
Géochimie environnementale,"Géologie de l'ingénieur, excursion",2,Communication · Observation
Géochimie environnementale,Géologie régionale,2,Communication · Lecture critique
Géochimie environnementale,Hydrochimie et pollution des eaux,2,Modélisation · Écriture scientifique
Géochimie environnementale,Hydrologie,2,Données · Modélisation
Géochimie environnementale,Introduction à la géologie alpine,2,Observation · Écriture scientifique
Géochimie environnementale,Introduction à la pensée écologique,2,Lecture critique · Travail en équipe
Géochimie environnementale,Méthodes qualitatives avancées : méthodes et terrains,2,Communication · Données
Géochimie environnementale,Political Ecology,2,Lecture critique · Écriture scientifique
Géochimie environnementale,"Tourisme : environnement, société, économie",2,Données · Lecture critique
Géographie des mobilités,Géographie sociale et culturelle,2,Sociétés et populations · Terrain
Géographie des mobilités,"Géographie, environnement et sociétés : approches et théories contemporaines",2,Enjeux de durabilité · Sociétés et populations
Géographie des mobilités,Introduction aux sciences de l'environnement,2,Sociétés et populations · Terrain
Géographie du développement,Géographie sociale et culturelle,2,Lecture critique · Écriture scientifique
Géographie du développement,Géographie économique,2,Gouvernance et politiques · Théories et paradigmes
Géographie du développement,Géoinformatique II,2,Communication · Visualisation
Géographie du développement,Hydrochimie et pollution des eaux,2,Théories et paradigmes · Écriture scientifique
Géographie du développement,Introduction aux sciences de l'environnement,2,Lecture critique · Écriture scientifique
Géographie du développement,Introduction à la géologie alpine,2,Cartographie · Écriture scientifique
Géographie du développement,Introduction à la pensée écologique,2,Lecture critique · Théories et paradigmes
Géographie du développement,Méthodes quantitatives II : statistiques inférentielles,2,Statistique · Théories et paradigmes
Géographie du développement,Political Ecology,2,Lecture critique · Écriture scientifique
Géographie sociale et culturelle,Géologie régionale,2,Lecture critique · Terrain
Géographie sociale et culturelle,Géophysique d'exploration – camp,2,Terrain · Écriture scientifique
Géographie sociale et culturelle,Géophysique de l'environnement : camp,2,Terrain · Écriture scientifique
Géographie sociale et culturelle,Political Ecology,2,Lecture critique · Écriture scientifique
Géographie sociale et culturelle,Population et dé/croissance,2,Observation · Sociétés et populations
Géographie sociale et culturelle,"Tourisme : environnement, société, économie",2,Lecture critique · Sociétés et populations
Géographie économique,Hydrochimie et pollution des eaux,2,Modélisation · Théories et paradigmes
Géographie économique,Méthodes quantitatives I : introduction aux principes et statistiques descriptives,2,Modélisation · Théories et paradigmes
Géographie économique,Systèmes énergétiques,2,Gouvernance et politiques · Économie
"Géographie, environnement et sociétés : approches et théories contemporaines","Tourisme : environnement, société, économie",2,Sociétés et populations · Théories et paradigmes
Géoinformatique II,Géologie de la chaîne alpine,2,Communication · Données
Géoinformatique II,Méthodes quantitatives I : introduction aux principes et statistiques descriptives,2,Données · Visualisation
Géologie de la chaîne alpine,Géologie structurale,2,Données · Structure du globe
Géologie de la chaîne alpine,Géophysique d'exploration – camp,2,Données · Terrain
Géologie de la chaîne alpine,Géophysique de l'environnement,2,Données · Modélisation
Géologie de la chaîne alpine,Géophysique de l'environnement : camp,2,Données · Terrain
Géologie de la chaîne alpine,"Hydrauliques, formes et processus fluviaux",2,Roches et minéraux · Terrain
Géologie de la chaîne alpine,Hydrologie,2,Données · Modélisation
Géologie de la chaîne alpine,Levés géomatiques,2,Données · Terrain
Géologie de la chaîne alpine,Méthodes qualitatives avancées : méthodes et terrains,2,Communication · Données
Géologie de la chaîne alpine,Méthodes quantitatives I : introduction aux principes et statistiques descriptives,2,Données · Modélisation
Géologie de la chaîne alpine,Pétrographie magmatique et métamorphique,2,Roches et minéraux · Structure du globe
Géologie de la chaîne alpine,Pétrologie magmatique et métamorphique (avancée),2,Roches et minéraux · Structure du globe
Géologie de la chaîne alpine,Sédimentologie biochimique,2,Données · Roches et minéraux
Géologie régionale,Géologie structurale,2,Cartographie · Structure du globe
Géologie régionale,Introduction aux sciences de l'environnement,2,Lecture critique · Terrain
Géologie régionale,Pétrologie magmatique et métamorphique (avancée),2,Lecture critique · Structure du globe
Géologie régionale,"Pétrologie métamorphique, camp",2,Cartographie · Terrain
Géologie structurale,Géophysique d'exploration – camp,2,Données · Mesure et instruments
Géologie structurale,Géophysique de l'environnement : camp,2,Données · Mesure et instruments
Géologie structurale,Hydrologie,2,Données · Mesure et instruments
Géologie structurale,Introduction à la géologie alpine,2,Cartographie · Structure du globe
Géologie structurale,Levés géomatiques,2,Données · Mesure et instruments
Géologie structurale,Limnologie,2,Cartographie · Données
Géologie structurale,"Pétrologie métamorphique, camp",2,Cartographie · Données
Géophysique d'exploration,Hydrochimie et pollution des eaux,2,Calcul et ordres de grandeur · Cycle de l'eau
Géophysique d'exploration,Introduction aux sciences de l'environnement,2,Calcul et ordres de grandeur · Cycle de l'eau
Géophysique d'exploration – camp,"Hydrauliques, formes et processus fluviaux",2,Mesure et instruments · Terrain
Géophysique d'exploration – camp,Hydrologie,2,Données · Mesure et instruments
Géophysique d'exploration – camp,Introduction à la géologie alpine,2,Terrain · Écriture scientifique
Géophysique d'exploration – camp,"Pétrologie métamorphique, camp",2,Données · Terrain
Géophysique de l'environnement,Limnologie,2,Données · Surface terrestre
Géophysique de l'environnement,Modélisation numérique,2,Modélisation · Surface terrestre
Géophysique de l'environnement,Méthodes quantitatives I : introduction aux principes et statistiques descriptives,2,Données · Modélisation
Géophysique de l'environnement,"Tourisme : environnement, société, économie",2,Données · Lecture critique
Géophysique de l'environnement : camp,"Hydrauliques, formes et processus fluviaux",2,Mesure et instruments · Terrain
Géophysique de l'environnement : camp,Hydrologie,2,Données · Mesure et instruments
Géophysique de l'environnement : camp,Introduction à la géologie alpine,2,Terrain · Écriture scientifique
Géophysique de l'environnement : camp,"Pétrologie métamorphique, camp",2,Données · Terrain
"Hydrauliques, formes et processus fluviaux",Hydrologie,2,Cycle de l'eau · Mesure et instruments
"Hydrauliques, formes et processus fluviaux",Introduction aux sciences de l'environnement,2,Cycle de l'eau · Terrain
"Hydrauliques, formes et processus fluviaux",Introduction à la géologie alpine,2,Roches et minéraux · Terrain
"Hydrauliques, formes et processus fluviaux",Levés géomatiques,2,Mesure et instruments · Terrain
"Hydrauliques, formes et processus fluviaux","Pétrologie métamorphique, camp",2,Roches et minéraux · Terrain
Hydrochimie et pollution des eaux,Modélisation numérique,2,Modélisation · Polluants et risques
Hydrochimie et pollution des eaux,Méthodes quantitatives II : statistiques inférentielles,2,Calcul et ordres de grandeur · Théories et paradigmes
Hydrochimie et pollution des eaux,Systèmes complexes et organisation de l'espace géographique,2,Modélisation · Polluants et risques
Hydrologie,Modélisation numérique,2,Modélisation · Surface terrestre
Introduction aux sciences de l'environnement,Méthodes qualitatives avancées : méthodes et terrains,2,Données · Éthique et intégrité
Introduction aux sciences de l'environnement,Political Ecology,2,Lecture critique · Écriture scientifique
Introduction aux sciences de l'environnement,Production de savoirs en géographie et environnement,2,Autonomie · Lecture critique
Introduction aux sciences de l'environnement,"Pétrologie métamorphique, camp",2,Données · Terrain
Introduction aux sciences de l'environnement,Regards croisés sur le changement climatique,2,Incertitude · Sociétés et populations
Introduction aux sciences de l'environnement,Systèmes complexes et organisation de l'espace géographique,2,Modélisation · Polluants et risques
Introduction à la géologie alpine,Limnologie,2,Cartographie · Surface terrestre
Introduction à la géologie alpine,Pétrologie magmatique et métamorphique (avancée),2,Roches et minéraux · Structure du globe
Introduction à la pensée écologique,"Tourisme : environnement, société, économie",2,Lecture critique · Théories et paradigmes
Levés géomatiques,Méthodes quantitatives I : introduction aux principes et statistiques descriptives,2,Données · Incertitude
Levés géomatiques,"Pétrologie métamorphique, camp",2,Données · Terrain
Limnologie,"Pétrologie métamorphique, camp",2,Cartographie · Données
Modélisation numérique,Systèmes complexes et organisation de l'espace géographique,2,Modélisation · Polluants et risques
Méthodes quantitatives I : introduction aux principes et statistiques descriptives,"Tourisme : environnement, société, économie",2,Données · Théories et paradigmes
Political Ecology,"Tourisme : environnement, société, économie",2,Lecture critique · Économie
Population et dé/croissance,Systèmes énergétiques,2,Sociétés et populations · Économie
Population et dé/croissance,"Tourisme : environnement, société, économie",2,Sociétés et populations · Économie
Pétrographie magmatique et métamorphique,Pétrologie magmatique et métamorphique (avancée),2,Roches et minéraux · Structure du globe
"Pétrologie métamorphique, camp",Sédimentologie biochimique,2,Données · Roches et minéraux
Regards croisés sur le changement climatique,Systèmes énergétiques,2,Gouvernance et politiques · Sociétés et populations
Regards croisés sur le changement climatique,"Tourisme : environnement, société, économie",2,Gouvernance et politiques · Sociétés et populations
